Movie Genre,Associated Music Genres
NaN,
"Action, Adventure, Fantasy","punk,techno,ambient,classical,celtic,edm,rock,hard-rock,symphonic-metal,pop,world-music,new-age,dubstep,metal,electronic,folk,jazz,orchestral,epic,medieval"
"Animation, Adventure, Drama","pop,world-music,ambient,folk,jazz,classical,electronic,acoustic,blues,singer-songwriter,rock,indie"
"Animation, Adventure, Comedy","pop,world-music,novelty,parody,ambient,folk,jazz,classical,electronic,funny,comedy,hip-hop,rock"
"Animation, Action, Adventure","pop,punk,world-music,dubstep,metal,electronic,techno,ambient,folk,jazz,classical,edm,rock,hard-rock"
"Action, Drama, History","punk,country,techno,classical,edm,blues,singer-songwriter,rock,hard-rock,pop,world-music,dubstep,metal,electronic,folk,jazz,acoustic,indie"
Adventure,"pop,world-music,ambient,folk,jazz,classical,electronic,rock"
Family,"pop,kids,country,jazz,soul,blues,children,rock"
"Drama, History, Romance","country,classical,love,romance,soul,blues,singer-songwriter,rock,pop,world-music,folk,jazz,acoustic,indie"
History,"pop,country,world-music,folk,jazz,classical,blues,rock"
"Drama, Romance","pop,country,folk,jazz,acoustic,love,romance,blues,soul,singer-songwriter,rock,indie"
"Adventure, Comedy, Family","country,parody,ambient,classical,funny,soul,blues,rock,pop,kids,world-music,novelty,electronic,folk,jazz,comedy,hip-hop,children"
"Adventure, Comedy, Fantasy","parody,ambient,classical,funny,celtic,rock,symphonic-metal,pop,world-music,novelty,new-age,electronic,folk,jazz,comedy,hip-hop,orchestral,epic,medieval"
"Drama, Musical, Romance","country,musical,opera,soul,love,romance,blues,singer-songwriter,show-tunes,rock,pop,piano,folk,jazz,acoustic,indie"
"Adventure, Comedy, Sci-Fi","parody,ambient,techno,classical,funny,edm,rock,house,pop,world-music,novelty,trance,dubstep,electronic,folk,jazz,comedy,hip-hop,synth-pop"
Horror,"death-metal,goth,noise,black-metal,dark-ambient,ambient,industrial,disco"
"Animation, Adventure, Fantasy","pop,world-music,new-age,ambient,folk,jazz,classical,electronic,celtic,orchestral,epic,rock,medieval,symphonic-metal"
"Action, Adventure, Sci-Fi","punk,techno,ambient,classical,edm,rock,hard-rock,house,pop,world-music,trance,dubstep,metal,electronic,folk,jazz,synth-pop"
"Crime, Drama","pop,reggae,electronic,folk,jazz,soul,acoustic,hip-hop,blues,singer-songwriter,rock,indie"
"Comedy, Drama, Romance","country,parody,funny,love,romance,blues,soul,singer-songwriter,rock,pop,novelty,electronic,folk,jazz,acoustic,comedy,hip-hop,indie"
"Crime, Drama, Mystery","ambient,soul,blues,singer-songwriter,rock,downtempo,pop,reggae,electronic,folk,jazz,acoustic,chill,hip-hop,indie,trip-hop"
"Comedy, Crime","pop,novelty,parody,reggae,electronic,jazz,funny,comedy,hip-hop,soul,blues,rock"
"Action, Adventure, Comedy","punk,parody,techno,ambient,classical,funny,edm,rock,hard-rock,pop,world-music,novelty,dubstep,metal,electronic,folk,jazz,comedy,hip-hop"
"Adventure, Family, Fantasy","country,ambient,classical,soul,celtic,blues,rock,symphonic-metal,pop,kids,world-music,new-age,electronic,folk,jazz,orchestral,children,epic,medieval"
"Animation, Family, Fantasy","pop,kids,country,new-age,ambient,folk,jazz,soul,celtic,orchestral,blues,children,rock,medieval,epic,symphonic-metal"
"Drama, Family, Fantasy","country,ambient,celtic,soul,blues,singer-songwriter,rock,symphonic-metal,pop,kids,new-age,folk,jazz,acoustic,orchestral,children,epic,medieval,indie"
"Drama, Fantasy, Romance","country,ambient,celtic,love,romance,soul,blues,singer-songwriter,rock,symphonic-metal,pop,new-age,folk,jazz,acoustic,orchestral,epic,medieval,indie"
"Fantasy, Horror, Mystery","death-metal,ambient,celtic,soul,blues,symphonic-metal,industrial,downtempo,disco,goth,noise,new-age,black-metal,dark-ambient,folk,electronic,jazz,orchestral,chill,epic,medieval,trip-hop"
"Family, Fantasy, Musical","country,musical,opera,ambient,celtic,soul,blues,singer-songwriter,show-tunes,rock,symphonic-metal,pop,kids,piano,new-age,folk,jazz,orchestral,children,epic,medieval"
"Family, Fantasy, Horror","death-metal,country,ambient,celtic,soul,blues,rock,symphonic-metal,industrial,disco,pop,kids,goth,noise,new-age,black-metal,dark-ambient,folk,jazz,orchestral,children,epic,medieval"
"Crime, Drama, Thriller","techno,ambient,soul,blues,edm,singer-songwriter,rock,house,pop,trance,reggae,dubstep,electronic,folk,jazz,acoustic,dark-ambient,hip-hop,indie"
"Adventure, Drama, Family","country,ambient,classical,soul,blues,singer-songwriter,rock,pop,kids,world-music,electronic,folk,jazz,acoustic,children,indie"
"Adventure, Family, Romance","country,ambient,classical,soul,love,romance,blues,rock,pop,kids,world-music,electronic,folk,jazz,children"
Animation,
"Comedy, Romance","pop,country,novelty,parody,electronic,jazz,funny,comedy,hip-hop,love,romance,soul,blues,rock"
"Animation, Action, Comedy","pop,punk,novelty,parody,dubstep,metal,electronic,techno,funny,comedy,hip-hop,edm,rock,hard-rock"
"Animation, Drama, Family","pop,kids,country,folk,jazz,acoustic,soul,blues,singer-songwriter,rock,indie,children"
"Biography, Drama, Music","country,classical,soul,blues,singer-songwriter,rock,pop,electronic,folk,jazz,acoustic,indie"
"Action, Drama, War","punk,country,techno,classical,edm,blues,singer-songwriter,rock,hard-rock,pop,patriotic,military-cadence,dubstep,metal,electronic,folk,jazz,acoustic,indie,march"
"Drama, Music, Mystery","country,ambient,classical,soul,blues,singer-songwriter,rock,downtempo,pop,electronic,folk,jazz,acoustic,chill,indie,trip-hop"
"Comedy, Horror, Musical","death-metal,musical,parody,opera,ambient,funny,soul,singer-songwriter,show-tunes,rock,industrial,disco,pop,goth,piano,noise,novelty,black-metal,electronic,dark-ambient,jazz,comedy,hip-hop"
"Action, Crime, Drama","punk,techno,soul,edm,blues,singer-songwriter,rock,hard-rock,pop,reggae,dubstep,metal,electronic,folk,jazz,acoustic,hip-hop,indie"
"Comedy, Family, Fantasy","country,parody,ambient,celtic,funny,soul,blues,rock,symphonic-metal,pop,kids,new-age,novelty,electronic,folk,jazz,comedy,hip-hop,orchestral,children,epic,medieval"
"Fantasy, Drama","pop,singer-songwriter,new-age,rock,ambient,folk,celtic,jazz,orchestral,acoustic,blues,epic,symphonic-metal,medieval,indie"
Fantasy,"new-age,ambient,folk,celtic,orchestral,epic,symphonic-metal,medieval"
"Drama, Horror","pop,death-metal,goth,noise,industrial,black-metal,dark-ambient,folk,jazz,acoustic,ambient,blues,singer-songwriter,rock,indie,disco"
"Horror, Thriller","death-metal,goth,noise,trance,black-metal,dubstep,dark-ambient,ambient,electronic,techno,edm,industrial,house,disco"
"Adventure, Drama, War","country,ambient,classical,blues,singer-songwriter,rock,pop,patriotic,military-cadence,world-music,electronic,folk,jazz,acoustic,indie,march"
"Adventure, Drama, Fantasy","ambient,classical,celtic,blues,singer-songwriter,rock,symphonic-metal,pop,world-music,new-age,electronic,folk,jazz,acoustic,orchestral,epic,medieval,indie"
"Crime, Drama, Romance","country,soul,love,romance,blues,singer-songwriter,rock,pop,reggae,electronic,folk,jazz,acoustic,hip-hop,indie"
"Crime, Sci-Fi","pop,trance,reggae,dubstep,electronic,techno,jazz,soul,ambient,hip-hop,blues,edm,rock,synth-pop,house"
"Adventure, Comedy, Crime","parody,ambient,classical,funny,soul,blues,rock,pop,world-music,novelty,reggae,electronic,folk,jazz,comedy,hip-hop"
"Action, Crime, Thriller","punk,techno,ambient,soul,edm,blues,rock,hard-rock,house,pop,trance,reggae,dubstep,metal,electronic,dark-ambient,jazz,hip-hop"
"Crime, Drama, Film-Noir","ambient,soul,blues,singer-songwriter,rock,blues-noir,downtempo,vintage-jazz,pop,dark-jazz,reggae,electronic,folk,jazz,acoustic,chill,hip-hop,jazz-noir,indie,trip-hop"
"Animation, Family, Adventure","pop,kids,country,world-music,ambient,folk,jazz,soul,classical,electronic,blues,children,rock"
"Comedy, Horror, Mystery","death-metal,parody,ambient,funny,soul,blues,rock,industrial,downtempo,disco,pop,goth,noise,novelty,black-metal,electronic,dark-ambient,jazz,comedy,hip-hop,chill,trip-hop"
"Biography, Comedy, Drama","country,parody,classical,soul,funny,blues,singer-songwriter,rock,pop,novelty,electronic,folk,jazz,acoustic,comedy,hip-hop,indie"
Action,"punk,dubstep,metal,electronic,techno,edm,rock,hard-rock"
"Comedy, Musical, Romance","country,musical,parody,opera,funny,soul,love,romance,blues,singer-songwriter,show-tunes,rock,pop,piano,novelty,electronic,jazz,comedy,hip-hop"
"Action, Comedy, Fantasy","punk,parody,techno,ambient,celtic,funny,edm,rock,hard-rock,symphonic-metal,pop,new-age,novelty,dubstep,metal,electronic,folk,comedy,hip-hop,orchestral,epic,medieval"
"Drama, Horror, Thriller","death-metal,ambient,techno,blues,edm,singer-songwriter,rock,industrial,house,disco,pop,goth,noise,trance,black-metal,dubstep,dark-ambient,folk,jazz,acoustic,electronic,indie"
"Musical, Romance","pop,piano,country,musical,opera,jazz,soul,love,romance,blues,singer-songwriter,show-tunes,rock"
Romance,"pop,country,jazz,love,romance,soul,blues,rock"
"Horror, Mystery, Thriller","death-metal,ambient,techno,soul,blues,edm,industrial,downtempo,house,disco,goth,noise,trance,black-metal,dubstep,dark-ambient,electronic,jazz,chill,trip-hop"
"Drama, Family, Romance","country,soul,love,romance,blues,singer-songwriter,rock,pop,kids,folk,jazz,acoustic,children,indie"
"Crime, Thriller","pop,trance,reggae,dubstep,electronic,techno,jazz,soul,ambient,hip-hop,blues,dark-ambient,edm,rock,house"
"Action, Adventure, Drama","punk,techno,ambient,classical,edm,blues,singer-songwriter,rock,hard-rock,pop,world-music,dubstep,metal,electronic,folk,jazz,acoustic,indie"
"Comedy, Family, Romance","country,parody,funny,soul,love,blues,romance,rock,pop,kids,novelty,electronic,jazz,comedy,hip-hop,children"
"Animation, Adventure, Family","pop,kids,country,world-music,ambient,folk,jazz,classical,electronic,soul,blues,children,rock"
"Fantasy, Musical","pop,singer-songwriter,piano,musical,new-age,opera,ambient,folk,celtic,jazz,orchestral,soul,epic,show-tunes,symphonic-metal,medieval"
"Family, Fantasy","pop,kids,country,new-age,ambient,folk,jazz,soul,celtic,orchestral,blues,children,rock,medieval,epic,symphonic-metal"
"Biography, Comedy, Crime","country,parody,classical,soul,funny,blues,rock,pop,novelty,reggae,electronic,folk,jazz,comedy,hip-hop"
"Comedy, Fantasy, Horror","death-metal,parody,ambient,celtic,funny,rock,symphonic-metal,industrial,disco,pop,goth,noise,new-age,novelty,black-metal,electronic,folk,dark-ambient,comedy,hip-hop,orchestral,epic,medieval"
"Adventure, Romance","pop,country,world-music,ambient,folk,jazz,classical,electronic,love,romance,soul,blues,rock"
"Comedy, Fantasy","pop,new-age,novelty,parody,electronic,ambient,folk,funny,comedy,hip-hop,celtic,orchestral,epic,rock,medieval,symphonic-metal"
"Animation, Comedy, Family","pop,kids,country,novelty,parody,electronic,jazz,funny,comedy,hip-hop,soul,blues,children,rock"
"Horror, Sci-Fi","death-metal,goth,noise,trance,black-metal,dubstep,dark-ambient,ambient,electronic,techno,edm,synth-pop,industrial,house,disco"
"Action, Comedy, Crime","punk,parody,techno,funny,soul,edm,blues,rock,hard-rock,pop,novelty,reggae,dubstep,metal,electronic,jazz,comedy,hip-hop"
"Drama, Thriller","pop,trance,dubstep,electronic,folk,jazz,acoustic,techno,ambient,blues,dark-ambient,singer-songwriter,edm,rock,indie,house"
"Action, Comedy, Horror","death-metal,punk,parody,techno,ambient,funny,edm,rock,hard-rock,industrial,disco,pop,goth,noise,novelty,dubstep,metal,electronic,black-metal,dark-ambient,comedy,hip-hop"
"Crime, Drama, Horror","death-metal,ambient,soul,blues,singer-songwriter,rock,industrial,disco,pop,goth,noise,reggae,black-metal,electronic,folk,jazz,acoustic,dark-ambient,hip-hop,indie"
"Crime, Drama, Fantasy","ambient,celtic,soul,blues,singer-songwriter,rock,symphonic-metal,pop,new-age,reggae,electronic,folk,jazz,acoustic,orchestral,hip-hop,epic,medieval,indie"
"Crime, Fantasy, Thriller","ambient,techno,celtic,soul,blues,edm,rock,symphonic-metal,house,pop,new-age,trance,reggae,dubstep,electronic,folk,jazz,dark-ambient,orchestral,hip-hop,epic,medieval"
"Biography, Crime, Drama","country,classical,soul,blues,singer-songwriter,rock,pop,reggae,electronic,folk,jazz,acoustic,hip-hop,indie"
"Drama, Mystery, Thriller","ambient,techno,soul,blues,edm,singer-songwriter,rock,downtempo,house,pop,trance,dubstep,electronic,folk,jazz,acoustic,chill,dark-ambient,indie,trip-hop"
"Drama, Horror, Mystery","death-metal,ambient,soul,blues,singer-songwriter,rock,industrial,downtempo,disco,pop,goth,noise,black-metal,dark-ambient,folk,jazz,acoustic,electronic,chill,indie,trip-hop"
"Horror, Mystery, Sci-Fi","death-metal,ambient,techno,soul,blues,edm,industrial,downtempo,house,disco,goth,noise,trance,black-metal,dubstep,dark-ambient,electronic,jazz,chill,synth-pop,trip-hop"
"Drama, Fantasy","pop,new-age,ambient,folk,jazz,acoustic,celtic,orchestral,blues,singer-songwriter,rock,medieval,indie,epic,symphonic-metal"
"Comedy, Music, Romance","country,parody,classical,funny,soul,love,blues,romance,rock,pop,novelty,electronic,jazz,comedy,hip-hop"
"Action, Biography, Drama","punk,country,techno,classical,soul,edm,blues,singer-songwriter,rock,hard-rock,pop,dubstep,metal,electronic,folk,jazz,acoustic,indie"
"Adventure, Sci-Fi","pop,world-music,trance,dubstep,ambient,folk,jazz,classical,electronic,techno,edm,rock,synth-pop,house"
"Comedy, Drama, Musical","musical,parody,opera,funny,soul,blues,singer-songwriter,show-tunes,rock,pop,piano,novelty,electronic,folk,jazz,acoustic,comedy,hip-hop,indie"
"Horror, Mystery","death-metal,goth,noise,black-metal,trip-hop,dark-ambient,ambient,electronic,jazz,soul,chill,blues,industrial,downtempo,disco"
"Biography, Drama, History","country,classical,soul,blues,singer-songwriter,rock,pop,world-music,folk,jazz,acoustic,indie"
"Adventure, Drama, Mystery","ambient,classical,soul,blues,singer-songwriter,rock,downtempo,pop,world-music,electronic,folk,jazz,acoustic,chill,indie,trip-hop"
Thriller,"trance,dubstep,electronic,techno,ambient,dark-ambient,edm,house"
"Drama, Mystery, Sci-Fi","ambient,techno,soul,blues,edm,singer-songwriter,rock,downtempo,house,pop,trance,dubstep,electronic,folk,jazz,acoustic,chill,synth-pop,indie,trip-hop"
"Comedy, Horror, Thriller","death-metal,parody,ambient,techno,funny,edm,rock,industrial,house,disco,pop,goth,noise,trance,novelty,black-metal,dubstep,electronic,dark-ambient,comedy,hip-hop"
"Comedy, Drama, Fantasy","parody,ambient,celtic,funny,blues,singer-songwriter,rock,symphonic-metal,pop,new-age,novelty,electronic,folk,jazz,acoustic,comedy,hip-hop,orchestral,epic,medieval,indie"
"Comedy, Drama, Music","country,parody,classical,funny,soul,blues,singer-songwriter,rock,pop,novelty,electronic,folk,jazz,acoustic,comedy,hip-hop,indie"
"Adventure, Comedy, Drama","parody,ambient,classical,funny,blues,singer-songwriter,rock,pop,world-music,novelty,electronic,folk,jazz,acoustic,comedy,hip-hop,indie"
"Drama, Romance, War","country,classical,love,romance,soul,blues,singer-songwriter,rock,pop,patriotic,military-cadence,folk,jazz,acoustic,indie,march"
"Action, Comedy, War","punk,country,parody,techno,classical,funny,edm,rock,hard-rock,pop,patriotic,military-cadence,novelty,dubstep,metal,electronic,folk,comedy,hip-hop,march"
"Adventure, Drama, Horror","death-metal,ambient,classical,blues,singer-songwriter,rock,industrial,disco,pop,goth,noise,world-music,black-metal,electronic,folk,jazz,acoustic,dark-ambient,indie"
"Adventure, Horror","pop,death-metal,goth,noise,world-music,black-metal,ambient,folk,jazz,classical,electronic,dark-ambient,rock,industrial,disco"
"Adventure, Horror, Sci-Fi","death-metal,ambient,techno,classical,edm,rock,industrial,house,disco,pop,goth,noise,world-music,trance,black-metal,dubstep,electronic,folk,jazz,dark-ambient,synth-pop"
"Comedy, Drama, Family","country,parody,funny,soul,blues,singer-songwriter,rock,pop,kids,novelty,electronic,folk,jazz,acoustic,comedy,hip-hop,children,indie"
"Action, Drama, Sci-Fi","punk,techno,ambient,edm,blues,singer-songwriter,rock,hard-rock,house,pop,trance,dubstep,metal,electronic,folk,jazz,acoustic,synth-pop,indie"
"Drama, Mystery","pop,ambient,folk,jazz,acoustic,electronic,soul,blues,chill,singer-songwriter,rock,indie,downtempo,trip-hop"
"Drama, Romance, Thriller","country,techno,ambient,love,romance,soul,blues,edm,singer-songwriter,rock,house,pop,trance,dubstep,electronic,folk,jazz,acoustic,dark-ambient,indie"
"Drama, Horror, Sci-Fi","death-metal,ambient,techno,blues,edm,singer-songwriter,rock,industrial,house,disco,pop,goth,noise,trance,black-metal,dubstep,dark-ambient,folk,jazz,acoustic,electronic,synth-pop,indie"
"Crime, Horror, Mystery","death-metal,ambient,soul,blues,rock,industrial,downtempo,disco,pop,goth,noise,reggae,black-metal,electronic,dark-ambient,jazz,chill,hip-hop,trip-hop"
"Action, Thriller","punk,trance,dubstep,metal,electronic,techno,ambient,dark-ambient,edm,rock,hard-rock,house"
"Biography, Comedy","pop,country,novelty,parody,electronic,folk,classical,soul,jazz,funny,blues,comedy,hip-hop,rock"
"Drama, History","pop,country,world-music,folk,jazz,acoustic,classical,blues,singer-songwriter,rock,indie"
"Drama, Family","pop,kids,country,folk,jazz,acoustic,soul,blues,singer-songwriter,rock,indie,children"
"Action, Drama, Thriller","punk,techno,ambient,edm,blues,singer-songwriter,rock,hard-rock,house,pop,trance,dubstep,metal,electronic,folk,jazz,acoustic,dark-ambient,indie"
"Crime, Horror, Thriller","death-metal,ambient,techno,soul,blues,edm,rock,industrial,house,disco,pop,goth,noise,trance,reggae,black-metal,dubstep,electronic,dark-ambient,jazz,hip-hop"
"Horror, Sci-Fi, Thriller","death-metal,ambient,techno,edm,industrial,house,disco,goth,noise,trance,black-metal,dubstep,dark-ambient,electronic,synth-pop"
"Comedy, Crime, Drama","parody,funny,soul,blues,singer-songwriter,rock,pop,novelty,reggae,electronic,folk,jazz,acoustic,comedy,hip-hop,indie"
"Action, Drama, Romance","punk,country,techno,love,romance,soul,edm,blues,singer-songwriter,rock,hard-rock,pop,dubstep,metal,electronic,folk,jazz,acoustic,indie"
"Drama, War","pop,patriotic,country,military-cadence,folk,jazz,acoustic,classical,blues,singer-songwriter,rock,indie,march"
"Drama, Mystery, Romance","country,ambient,soul,love,romance,blues,singer-songwriter,rock,downtempo,pop,electronic,folk,jazz,acoustic,chill,indie,trip-hop"
"Action, Western","pop,punk,bluegrass,country,dubstep,metal,electronic,techno,folk,jazz,soul,edm,blues,rock,hard-rock"
"Adventure, Drama","pop,world-music,ambient,folk,jazz,classical,electronic,acoustic,blues,singer-songwriter,rock,indie"
"Biography, Drama","pop,country,folk,classical,soul,jazz,acoustic,blues,singer-songwriter,rock,indie"
"Comedy, Drama, Sport","parody,techno,funny,blues,edm,singer-songwriter,rock,house,pop,novelty,reggae,electronic,folk,jazz,acoustic,comedy,hip-hop,indie"
"Drama, Romance, Family","country,love,romance,soul,blues,singer-songwriter,rock,pop,kids,folk,jazz,acoustic,children,indie"
"Action, Adventure","pop,punk,world-music,dubstep,metal,electronic,techno,ambient,folk,jazz,classical,edm,rock,hard-rock"
"Action, Crime, Family","punk,country,techno,soul,edm,blues,rock,hard-rock,pop,kids,reggae,dubstep,metal,electronic,jazz,hip-hop,children"
"Comedy, Drama, Sci-Fi","parody,techno,ambient,funny,blues,edm,singer-songwriter,rock,house,pop,trance,novelty,dubstep,electronic,folk,jazz,acoustic,comedy,hip-hop,synth-pop,indie"
"Adventure, Drama, Romance","country,ambient,classical,love,romance,soul,blues,singer-songwriter,rock,pop,world-music,electronic,folk,jazz,acoustic,indie"
"Fantasy, Horror, Thriller","death-metal,ambient,techno,celtic,edm,symphonic-metal,industrial,house,disco,goth,noise,new-age,trance,black-metal,dubstep,dark-ambient,folk,electronic,orchestral,epic,medieval"
"Comedy, Family, Music","country,parody,classical,funny,soul,blues,rock,pop,kids,novelty,electronic,jazz,comedy,hip-hop,children"
"Action, Comedy","pop,punk,novelty,parody,dubstep,metal,electronic,techno,funny,comedy,hip-hop,edm,rock,hard-rock"
"Action, Drama, Sport","punk,techno,edm,blues,singer-songwriter,rock,hard-rock,house,pop,reggae,dubstep,metal,electronic,folk,jazz,acoustic,hip-hop,indie"
"Comedy, Sport","pop,novelty,parody,reggae,electronic,techno,funny,comedy,hip-hop,edm,rock,house"
"Sci-Fi, Thriller","trance,dubstep,electronic,techno,ambient,dark-ambient,edm,synth-pop,house"
"Animation, Thriller","trance,dubstep,electronic,techno,ambient,dark-ambient,edm,house"
"Drama, Film-Noir, Sport","indie,ambient,techno,blues,edm,singer-songwriter,blues-noir,rock,downtempo,house,vintage-jazz,pop,reggae,electronic,folk,jazz,acoustic,chill,hip-hop,jazz-noir,dark-jazz,trip-hop"
"Drama, Music, Romance","country,classical,soul,love,romance,blues,singer-songwriter,rock,pop,electronic,folk,jazz,acoustic,indie"
"Action, Comedy, Drama","punk,parody,techno,funny,edm,blues,singer-songwriter,rock,hard-rock,pop,novelty,dubstep,metal,electronic,folk,jazz,acoustic,comedy,hip-hop,indie"
"Mystery, Thriller","trance,dubstep,ambient,electronic,jazz,soul,chill,techno,blues,dark-ambient,edm,downtempo,house,trip-hop"
"Drama, Mystery, Western","country,ambient,soul,blues,singer-songwriter,rock,downtempo,pop,bluegrass,electronic,folk,jazz,acoustic,chill,indie,trip-hop"
"Adventure, Comedy","pop,world-music,novelty,parody,ambient,folk,jazz,classical,electronic,funny,comedy,hip-hop,rock"
"Action, Drama","pop,punk,dubstep,metal,electronic,techno,folk,jazz,acoustic,edm,blues,singer-songwriter,rock,hard-rock,indie"
"Drama, Fantasy, Mystery","ambient,celtic,soul,blues,singer-songwriter,rock,symphonic-metal,downtempo,pop,new-age,electronic,folk,jazz,acoustic,orchestral,chill,epic,medieval,indie,trip-hop"
"Drama, Romance, Sci-Fi","country,techno,ambient,love,romance,soul,blues,edm,singer-songwriter,rock,house,pop,trance,dubstep,electronic,folk,jazz,acoustic,synth-pop,indie"
"Action, Biography, Crime","punk,country,techno,classical,soul,edm,blues,rock,hard-rock,pop,reggae,dubstep,metal,electronic,folk,jazz,hip-hop"
"Crime, Mystery, Thriller","ambient,techno,soul,blues,edm,rock,downtempo,house,pop,trance,reggae,dubstep,electronic,dark-ambient,jazz,chill,hip-hop,trip-hop"
"Comedy, Horror","pop,death-metal,goth,noise,novelty,parody,black-metal,electronic,dark-ambient,ambient,funny,comedy,hip-hop,rock,industrial,disco"
"Mystery, Sci-Fi, Thriller","ambient,techno,soul,blues,edm,downtempo,house,trance,dubstep,electronic,dark-ambient,jazz,chill,synth-pop,trip-hop"
"Action, Sci-Fi, Thriller","punk,techno,ambient,edm,rock,hard-rock,house,trance,dubstep,metal,electronic,dark-ambient,synth-pop"
Sci-Fi,"trance,dubstep,electronic,techno,ambient,edm,synth-pop,house"
"Action, Adventure, Family","punk,country,techno,ambient,classical,soul,edm,blues,rock,hard-rock,pop,kids,world-music,dubstep,metal,electronic,folk,jazz,children"
"Drama, History, Thriller","country,techno,ambient,classical,blues,edm,singer-songwriter,rock,house,pop,world-music,trance,dubstep,electronic,folk,jazz,acoustic,dark-ambient,indie"
"Horror, Musical, Sci-Fi","death-metal,musical,opera,ambient,techno,soul,edm,singer-songwriter,show-tunes,industrial,house,disco,pop,goth,piano,noise,trance,black-metal,dubstep,dark-ambient,electronic,jazz,synth-pop"
"Drama, Horror, Romance","death-metal,country,ambient,love,romance,soul,blues,singer-songwriter,rock,industrial,disco,pop,goth,noise,black-metal,dark-ambient,folk,jazz,acoustic,indie"
"Action, Crime, Sci-Fi","punk,techno,ambient,soul,edm,blues,rock,hard-rock,house,pop,trance,reggae,dubstep,metal,electronic,jazz,hip-hop,synth-pop"
"Biography, Drama, Fantasy","country,ambient,classical,soul,celtic,blues,singer-songwriter,rock,symphonic-metal,pop,new-age,folk,jazz,acoustic,orchestral,epic,medieval,indie"
"Comedy, Music, Musical","country,musical,parody,opera,classical,funny,soul,blues,singer-songwriter,show-tunes,rock,pop,piano,novelty,electronic,jazz,comedy,hip-hop"
"Fantasy, Action, Comedy","punk,parody,ambient,techno,celtic,funny,edm,rock,hard-rock,symphonic-metal,pop,new-age,novelty,dubstep,metal,electronic,folk,orchestral,comedy,hip-hop,epic,medieval"
"Action, Comedy, Family","punk,country,parody,techno,funny,soul,edm,blues,rock,hard-rock,pop,kids,novelty,dubstep,metal,electronic,jazz,comedy,hip-hop,children"
"Action, Adventure, Crime","punk,techno,ambient,classical,soul,edm,blues,rock,hard-rock,pop,world-music,reggae,dubstep,metal,electronic,folk,jazz,hip-hop"
"Comedy, Drama, History","country,parody,classical,funny,blues,singer-songwriter,rock,pop,world-music,novelty,electronic,folk,jazz,acoustic,comedy,hip-hop,indie"
"Horror, Romance, Thriller","death-metal,country,ambient,techno,love,romance,soul,blues,edm,rock,industrial,house,disco,pop,goth,noise,trance,black-metal,dubstep,dark-ambient,electronic,jazz"
"Comedy, Fantasy, Romance","country,parody,ambient,celtic,funny,love,romance,soul,blues,rock,symphonic-metal,pop,new-age,novelty,electronic,folk,jazz,comedy,hip-hop,orchestral,epic,medieval"
"Action, Drama, Mystery","punk,techno,ambient,soul,edm,blues,singer-songwriter,rock,hard-rock,downtempo,pop,dubstep,metal,electronic,folk,jazz,acoustic,chill,indie,trip-hop"
"Drama, Sci-Fi","pop,synth-pop,trance,dubstep,electronic,folk,jazz,acoustic,techno,ambient,blues,edm,singer-songwriter,rock,indie,house"
"Comedy, Mystery","pop,novelty,parody,electronic,ambient,jazz,funny,comedy,hip-hop,soul,chill,blues,rock,downtempo,trip-hop"
"Comedy, Crime, Mystery","parody,ambient,funny,soul,blues,rock,downtempo,pop,novelty,reggae,electronic,jazz,comedy,hip-hop,chill,trip-hop"
"Drama, Film-Noir, Mystery","indie,ambient,soul,blues,singer-songwriter,blues-noir,rock,downtempo,vintage-jazz,pop,electronic,folk,jazz,acoustic,chill,jazz-noir,dark-jazz,trip-hop"
"Biography, Drama, Romance","country,classical,soul,love,romance,blues,singer-songwriter,rock,pop,folk,jazz,acoustic,indie"
"Action, Adventure, Horror","death-metal,punk,techno,ambient,classical,edm,rock,hard-rock,industrial,disco,pop,goth,noise,world-music,dubstep,metal,electronic,folk,jazz,black-metal,dark-ambient"
"Comedy, Horror, Sci-Fi","death-metal,parody,ambient,techno,funny,edm,rock,industrial,house,disco,pop,goth,noise,trance,novelty,black-metal,dubstep,electronic,dark-ambient,comedy,hip-hop,synth-pop"
"Crime, Horror","pop,death-metal,goth,noise,reggae,black-metal,electronic,dark-ambient,jazz,soul,ambient,hip-hop,blues,rock,industrial,disco"
"Comedy, Crime, Thriller","parody,techno,ambient,funny,soul,blues,edm,rock,house,pop,trance,novelty,reggae,dubstep,electronic,dark-ambient,jazz,comedy,hip-hop"
War,"pop,patriotic,country,military-cadence,folk,classical,rock,march"
"Drama, Family, Musical","country,musical,opera,soul,blues,singer-songwriter,show-tunes,rock,pop,kids,piano,folk,jazz,acoustic,children,indie"
Mystery,"ambient,electronic,jazz,soul,chill,blues,downtempo,trip-hop"
"Adventure, Comedy, Music","country,parody,ambient,classical,funny,soul,blues,rock,pop,world-music,novelty,electronic,folk,jazz,comedy,hip-hop"
"Comedy, Family","pop,kids,country,novelty,parody,electronic,jazz,funny,comedy,hip-hop,soul,blues,children,rock"
"Animation, Comedy, Fantasy","pop,new-age,novelty,parody,electronic,ambient,folk,funny,comedy,hip-hop,celtic,orchestral,epic,rock,medieval,symphonic-metal"
"Comedy, Romance, Sport","country,parody,techno,funny,love,romance,soul,blues,edm,rock,house,pop,novelty,reggae,electronic,jazz,comedy,hip-hop"
"Drama, Thriller, War","country,techno,ambient,classical,blues,edm,singer-songwriter,rock,house,pop,patriotic,military-cadence,trance,dubstep,electronic,folk,jazz,acoustic,dark-ambient,indie,march"
"Drama, Crime","pop,reggae,electronic,folk,jazz,acoustic,soul,hip-hop,blues,singer-songwriter,rock,indie"
"Biography, Drama, Family","country,classical,soul,blues,singer-songwriter,rock,pop,kids,folk,jazz,acoustic,children,indie"
"Comedy, Fantasy, Music","country,parody,ambient,celtic,funny,soul,classical,blues,rock,symphonic-metal,pop,new-age,novelty,electronic,folk,jazz,comedy,hip-hop,orchestral,epic,medieval"
"Action, Adventure, Thriller","punk,techno,ambient,classical,edm,rock,hard-rock,house,pop,world-music,trance,dubstep,metal,electronic,folk,jazz,dark-ambient"
"Adventure, Comedy, Musical","musical,parody,opera,ambient,classical,funny,soul,singer-songwriter,show-tunes,rock,pop,piano,world-music,novelty,electronic,folk,jazz,comedy,hip-hop"
"Crime, Drama, Musical","musical,opera,soul,blues,singer-songwriter,show-tunes,rock,pop,piano,reggae,electronic,folk,jazz,acoustic,hip-hop,indie"
"Drama, Sport","pop,reggae,electronic,folk,jazz,acoustic,techno,hip-hop,blues,edm,singer-songwriter,rock,indie,house"
"Action, Romance","pop,punk,country,dubstep,metal,electronic,techno,jazz,love,romance,soul,edm,blues,rock,hard-rock"
Sport,"pop,reggae,electronic,techno,hip-hop,edm,rock,house"
"Drama, Fantasy, Horror","death-metal,ambient,celtic,blues,singer-songwriter,rock,symphonic-metal,industrial,disco,pop,goth,noise,new-age,black-metal,dark-ambient,folk,jazz,acoustic,orchestral,epic,medieval,indie"
"Comedy, Family, Western","country,parody,funny,soul,blues,rock,pop,kids,bluegrass,novelty,electronic,folk,jazz,comedy,hip-hop,children"
"Action, Mystery, Sci-Fi","punk,techno,ambient,soul,edm,blues,rock,hard-rock,downtempo,house,trance,dubstep,metal,electronic,jazz,chill,synth-pop,trip-hop"
"Drama, Thriller, Western","country,techno,ambient,soul,blues,edm,singer-songwriter,rock,house,pop,bluegrass,trance,dubstep,electronic,folk,jazz,acoustic,dark-ambient,indie"
"Comedy, Family, Musical","country,musical,parody,opera,funny,soul,blues,singer-songwriter,show-tunes,rock,pop,kids,piano,novelty,electronic,jazz,comedy,hip-hop,children"
"Animation, Musical","pop,piano,musical,opera,jazz,soul,singer-songwriter,show-tunes"
"Drama, Fantasy, History","country,ambient,celtic,classical,blues,singer-songwriter,rock,symphonic-metal,pop,new-age,world-music,folk,jazz,acoustic,orchestral,epic,medieval,indie"
"Music, Musical, Romance","country,musical,opera,classical,soul,love,romance,blues,singer-songwriter,show-tunes,rock,pop,piano,electronic,jazz"
"Drama, Family, Sport","country,techno,soul,blues,edm,singer-songwriter,rock,house,pop,kids,reggae,electronic,folk,jazz,acoustic,hip-hop,children,indie"
"Comedy, Drama, Thriller","parody,techno,ambient,funny,blues,edm,singer-songwriter,rock,house,pop,trance,novelty,dubstep,electronic,folk,jazz,acoustic,comedy,hip-hop,dark-ambient,indie"
"Romance, Drama","pop,country,folk,jazz,love,romance,soul,blues,acoustic,singer-songwriter,rock,indie"
"Drama, Family, History","country,classical,soul,blues,singer-songwriter,rock,pop,kids,world-music,folk,jazz,acoustic,children,indie"
"Action, Fantasy, Horror","death-metal,punk,techno,ambient,celtic,edm,rock,hard-rock,symphonic-metal,industrial,disco,goth,noise,new-age,dubstep,metal,electronic,folk,black-metal,dark-ambient,orchestral,epic,medieval"
"Animation, Adventure, Music","pop,country,world-music,ambient,folk,jazz,classical,electronic,soul,blues,rock"
"Comedy, Sci-Fi","pop,trance,novelty,parody,dubstep,electronic,techno,ambient,funny,comedy,hip-hop,edm,rock,synth-pop,house"
"Family, Adventure, Animation","pop,kids,country,world-music,ambient,folk,jazz,soul,classical,electronic,blues,children,rock"
"Drama, Family, Sci-Fi","country,techno,ambient,soul,blues,edm,singer-songwriter,rock,house,pop,kids,trance,dubstep,electronic,folk,jazz,acoustic,children,synth-pop,indie"
"Fantasy, Thriller","new-age,trance,dubstep,ambient,folk,celtic,electronic,orchestral,techno,dark-ambient,edm,epic,symphonic-metal,medieval,house"
"Drama, Fantasy, Musical","musical,opera,ambient,celtic,soul,blues,singer-songwriter,show-tunes,rock,symphonic-metal,pop,piano,new-age,folk,jazz,acoustic,orchestral,epic,medieval,indie"
"Animation, Drama, Fantasy","pop,new-age,ambient,folk,jazz,acoustic,celtic,orchestral,blues,singer-songwriter,rock,medieval,indie,epic,symphonic-metal"
"Action, Comedy, Romance","punk,country,parody,techno,funny,love,romance,edm,soul,blues,rock,hard-rock,pop,novelty,dubstep,metal,electronic,jazz,comedy,hip-hop"
"Comedy, Crime, Fantasy","parody,ambient,celtic,funny,soul,blues,rock,symphonic-metal,pop,new-age,novelty,reggae,electronic,folk,jazz,comedy,hip-hop,orchestral,epic,medieval"
"Adventure, Biography, War","country,ambient,classical,soul,blues,rock,pop,patriotic,military-cadence,world-music,electronic,folk,jazz,march"
"Adventure, Drama, Sci-Fi","ambient,techno,classical,blues,edm,singer-songwriter,rock,house,pop,world-music,trance,dubstep,electronic,folk,jazz,acoustic,synth-pop,indie"
"Animation, Family, Sci-Fi","pop,kids,country,trance,dubstep,electronic,techno,jazz,soul,ambient,blues,edm,children,rock,synth-pop,house"
"Animation, Comedy, Drama","pop,novelty,parody,electronic,folk,jazz,funny,comedy,hip-hop,acoustic,blues,singer-songwriter,rock,indie"
"Comedy, Crime, Romance","country,parody,funny,soul,love,blues,romance,rock,pop,novelty,reggae,electronic,jazz,comedy,hip-hop"
"Adventure, Fantasy, History","country,ambient,classical,celtic,blues,rock,symphonic-metal,pop,world-music,new-age,electronic,folk,jazz,orchestral,epic,medieval"
"Action, Adventure, Mystery","punk,techno,ambient,classical,soul,edm,blues,rock,hard-rock,downtempo,pop,world-music,dubstep,metal,electronic,folk,jazz,chill,trip-hop"
"Drama, Horror, Musical","death-metal,musical,opera,ambient,soul,blues,singer-songwriter,show-tunes,rock,industrial,disco,pop,goth,piano,noise,black-metal,dark-ambient,folk,jazz,acoustic,indie"
"Comedy, Drama, War","country,parody,classical,funny,blues,singer-songwriter,rock,pop,patriotic,military-cadence,novelty,electronic,folk,jazz,acoustic,comedy,hip-hop,indie,march"
"Mystery, Romance, Thriller","country,ambient,techno,soul,love,romance,blues,edm,rock,downtempo,house,pop,trance,dubstep,electronic,dark-ambient,jazz,chill,trip-hop"
"Drama, Romance, Sport","country,techno,love,romance,soul,blues,edm,singer-songwriter,rock,house,pop,reggae,electronic,folk,jazz,acoustic,hip-hop,indie"
"Biography, Drama, Thriller","country,techno,ambient,classical,soul,blues,edm,singer-songwriter,rock,house,pop,trance,dubstep,electronic,folk,jazz,acoustic,dark-ambient,indie"
"Crime, Mystery","pop,reggae,electronic,ambient,jazz,soul,chill,hip-hop,blues,rock,downtempo,trip-hop"
"Drama, Fantasy, Music","country,ambient,celtic,soul,classical,blues,singer-songwriter,rock,symphonic-metal,pop,new-age,electronic,folk,jazz,acoustic,orchestral,epic,medieval,indie"
"Comedy, Music, Thriller","country,parody,techno,ambient,classical,funny,soul,blues,edm,rock,house,pop,trance,novelty,dubstep,electronic,dark-ambient,jazz,comedy,hip-hop"
"Biography, Drama, Musical","country,musical,opera,classical,soul,blues,singer-songwriter,show-tunes,rock,pop,piano,folk,jazz,acoustic,indie"
"Comedy, Family, Sci-Fi","country,parody,techno,ambient,funny,soul,blues,edm,rock,house,pop,kids,trance,novelty,dubstep,electronic,jazz,comedy,hip-hop,children,synth-pop"
"Biography, Drama, Sport","country,techno,classical,soul,blues,edm,singer-songwriter,rock,house,pop,reggae,electronic,folk,jazz,acoustic,hip-hop,indie"
"Action, Drama, Family","punk,country,techno,soul,edm,blues,singer-songwriter,rock,hard-rock,pop,kids,dubstep,metal,electronic,folk,jazz,acoustic,children,indie"
"Adventure, Mystery, Thriller","ambient,techno,classical,soul,blues,edm,rock,downtempo,house,pop,world-music,trance,dubstep,electronic,folk,jazz,dark-ambient,chill,trip-hop"
"Adventure, Comedy, Romance","country,parody,ambient,classical,funny,love,romance,soul,blues,rock,pop,world-music,novelty,electronic,folk,jazz,comedy,hip-hop"
"Comedy, Romance, Sci-Fi","country,parody,techno,ambient,funny,love,romance,soul,blues,edm,rock,house,pop,trance,novelty,dubstep,electronic,jazz,comedy,hip-hop,synth-pop"
"Action, Adventure, Biography","punk,country,techno,ambient,classical,soul,edm,blues,rock,hard-rock,pop,world-music,dubstep,metal,electronic,folk,jazz"
"Comedy, Crime, Music","country,parody,classical,funny,soul,blues,rock,pop,novelty,reggae,electronic,jazz,comedy,hip-hop"
"Action, Horror, Sci-Fi","death-metal,punk,techno,ambient,edm,rock,hard-rock,industrial,house,disco,goth,noise,trance,dubstep,metal,electronic,black-metal,dark-ambient,synth-pop"
"Animation, Drama, Mystery","pop,ambient,folk,jazz,acoustic,electronic,soul,blues,chill,singer-songwriter,rock,indie,downtempo,trip-hop"
"Action, Romance, Thriller","punk,country,techno,ambient,love,romance,soul,edm,blues,rock,hard-rock,house,pop,trance,dubstep,metal,electronic,dark-ambient,jazz"
"Drama, Fantasy, Sci-Fi","ambient,techno,celtic,blues,edm,singer-songwriter,rock,symphonic-metal,house,pop,new-age,trance,dubstep,electronic,folk,jazz,acoustic,orchestral,epic,synth-pop,medieval,indie"
"Action, Horror","death-metal,punk,goth,noise,dubstep,metal,electronic,techno,black-metal,dark-ambient,ambient,edm,rock,hard-rock,industrial,disco"
"Comedy, Crime, Family","country,parody,funny,soul,blues,rock,pop,kids,novelty,reggae,electronic,jazz,comedy,hip-hop,children"
"Action, Crime","pop,punk,reggae,dubstep,metal,electronic,techno,jazz,soul,hip-hop,edm,blues,rock,hard-rock"
"Drama, Horror, Western","death-metal,country,ambient,soul,blues,singer-songwriter,rock,industrial,disco,pop,goth,bluegrass,noise,black-metal,dark-ambient,folk,jazz,acoustic,indie"
"Fantasy, Mystery, Sci-Fi","ambient,techno,celtic,soul,blues,edm,symphonic-metal,downtempo,house,new-age,trance,dubstep,electronic,folk,jazz,orchestral,chill,epic,medieval,synth-pop,trip-hop"
"Family, History, Musical","country,musical,opera,classical,soul,blues,singer-songwriter,show-tunes,rock,pop,kids,piano,world-music,folk,jazz,children"
"Action, Comedy, Thriller","punk,parody,techno,ambient,funny,edm,rock,hard-rock,house,pop,trance,novelty,dubstep,metal,electronic,dark-ambient,comedy,hip-hop"
"Action, Crime, Mystery","punk,techno,ambient,soul,edm,blues,rock,hard-rock,downtempo,pop,reggae,dubstep,metal,electronic,jazz,chill,hip-hop,trip-hop"
"Action, Drama, Music","punk,country,techno,classical,soul,edm,blues,singer-songwriter,rock,hard-rock,pop,dubstep,metal,electronic,folk,jazz,acoustic,indie"
"Romance, Thriller","pop,country,trance,dubstep,electronic,techno,jazz,love,romance,soul,blues,ambient,dark-ambient,edm,rock,house"
"Drama, Fantasy, Sport","ambient,techno,celtic,blues,edm,singer-songwriter,rock,symphonic-metal,house,pop,new-age,reggae,electronic,folk,jazz,acoustic,orchestral,hip-hop,epic,medieval,indie"
"Adventure, Thriller","pop,world-music,trance,dubstep,ambient,folk,jazz,classical,electronic,techno,dark-ambient,edm,rock,house"
"Animation, Drama, War","pop,patriotic,country,military-cadence,folk,jazz,acoustic,classical,blues,singer-songwriter,rock,indie,march"
"Comedy, Family, Sport","country,parody,techno,funny,soul,blues,edm,rock,house,pop,kids,novelty,reggae,electronic,jazz,comedy,hip-hop,children"
"Drama, Horror, Music","death-metal,country,ambient,classical,soul,blues,singer-songwriter,rock,industrial,disco,pop,goth,noise,black-metal,dark-ambient,folk,jazz,acoustic,electronic,indie"
"Comedy, Mystery, Romance","country,parody,ambient,funny,soul,love,blues,romance,rock,downtempo,pop,novelty,electronic,jazz,comedy,hip-hop,chill,trip-hop"
"Adventure, Drama, Music","country,ambient,classical,soul,blues,singer-songwriter,rock,pop,world-music,electronic,folk,jazz,acoustic,indie"
"Adventure, Music, Mystery","country,ambient,classical,soul,blues,rock,downtempo,pop,world-music,electronic,folk,jazz,chill,trip-hop"
"Fantasy, Mystery, Romance","country,ambient,celtic,soul,love,romance,blues,symphonic-metal,rock,downtempo,pop,new-age,electronic,folk,jazz,orchestral,chill,epic,medieval,trip-hop"
"Comedy, Drama, Horror","death-metal,parody,ambient,funny,blues,singer-songwriter,rock,industrial,disco,pop,goth,noise,novelty,black-metal,electronic,folk,jazz,acoustic,comedy,hip-hop,dark-ambient,indie"
"Drama, Comedy, Family","country,parody,funny,soul,blues,singer-songwriter,rock,pop,kids,novelty,electronic,folk,jazz,acoustic,comedy,hip-hop,children,indie"
"Musical, Comedy, Drama","musical,parody,opera,soul,funny,blues,singer-songwriter,show-tunes,rock,pop,piano,novelty,electronic,folk,jazz,acoustic,comedy,hip-hop,indie"
"Fantasy, Horror","death-metal,goth,noise,new-age,black-metal,ambient,folk,celtic,dark-ambient,orchestral,epic,symphonic-metal,medieval,industrial,disco"
"Action, Horror, Thriller","death-metal,punk,techno,ambient,edm,rock,hard-rock,industrial,house,disco,goth,noise,trance,dubstep,metal,electronic,black-metal,dark-ambient"
"Comedy, Thriller","pop,trance,novelty,parody,dubstep,electronic,techno,ambient,funny,comedy,hip-hop,dark-ambient,edm,rock,house"
"Fantasy, Horror, Sci-Fi","death-metal,ambient,techno,celtic,edm,symphonic-metal,industrial,house,disco,goth,noise,new-age,trance,black-metal,dubstep,dark-ambient,folk,electronic,orchestral,epic,medieval,synth-pop"
"Crime, Mystery, Drama","ambient,soul,blues,singer-songwriter,rock,downtempo,pop,reggae,electronic,folk,jazz,acoustic,chill,hip-hop,indie,trip-hop"
"Adventure, Crime, Drama","ambient,classical,soul,blues,singer-songwriter,rock,pop,world-music,reggae,electronic,folk,jazz,acoustic,hip-hop,indie"
"Crime, Drama, Sport","techno,soul,blues,edm,singer-songwriter,rock,house,pop,reggae,electronic,folk,jazz,acoustic,hip-hop,indie"
"Action, Drama, Fantasy","punk,techno,ambient,celtic,edm,blues,singer-songwriter,rock,hard-rock,symphonic-metal,pop,new-age,dubstep,metal,electronic,folk,jazz,acoustic,orchestral,epic,medieval,indie"
"Action, Crime, Horror","death-metal,punk,techno,ambient,soul,edm,blues,rock,hard-rock,industrial,disco,pop,goth,noise,reggae,dubstep,metal,electronic,black-metal,jazz,dark-ambient,hip-hop"
"Family, Comedy","pop,kids,country,novelty,parody,electronic,jazz,soul,funny,comedy,blues,hip-hop,children,rock"
"Crime, Drama, History","country,classical,soul,blues,singer-songwriter,rock,pop,world-music,reggae,electronic,folk,jazz,acoustic,hip-hop,indie"
"Adventure, Family, Western","country,ambient,classical,soul,blues,rock,pop,kids,bluegrass,world-music,electronic,folk,jazz,children"
"Crime, Drama, Sci-Fi","techno,ambient,soul,blues,edm,singer-songwriter,rock,house,pop,trance,reggae,dubstep,electronic,folk,jazz,acoustic,hip-hop,synth-pop,indie"
"Action, Fantasy, Thriller","punk,techno,ambient,celtic,edm,rock,hard-rock,symphonic-metal,house,new-age,trance,dubstep,metal,electronic,folk,dark-ambient,orchestral,epic,medieval"
"Romance, Comedy","pop,country,novelty,parody,electronic,jazz,love,romance,soul,blues,funny,comedy,hip-hop,rock"
"Action, Adventure, Western","punk,country,techno,ambient,classical,soul,edm,blues,rock,hard-rock,pop,bluegrass,world-music,dubstep,metal,electronic,folk,jazz"
"Adventure, Comedy, History","country,parody,ambient,classical,funny,blues,rock,pop,world-music,novelty,electronic,folk,jazz,comedy,hip-hop"
"Drama, History, War","country,classical,blues,singer-songwriter,rock,pop,patriotic,military-cadence,world-music,folk,jazz,acoustic,indie,march"
"Action, Adventure, Romance","punk,country,techno,ambient,classical,love,romance,soul,edm,blues,rock,hard-rock,pop,world-music,dubstep,metal,electronic,folk,jazz"
"Biography, Drama, Horror","death-metal,country,ambient,classical,soul,blues,singer-songwriter,rock,industrial,disco,pop,goth,noise,black-metal,dark-ambient,folk,jazz,acoustic,indie"
"Adventure, Drama, Thriller","ambient,techno,classical,blues,edm,singer-songwriter,rock,house,pop,world-music,trance,dubstep,electronic,folk,jazz,acoustic,dark-ambient,indie"
"Comedy, Crime, Sci-Fi","parody,techno,ambient,funny,soul,blues,edm,rock,house,pop,trance,novelty,reggae,dubstep,electronic,jazz,comedy,hip-hop,synth-pop"
"Drama, Sci-Fi, Thriller","indie,techno,ambient,blues,edm,singer-songwriter,rock,house,pop,trance,dubstep,electronic,folk,jazz,acoustic,dark-ambient,synth-pop"
"Musical, Drama, Romance","country,musical,opera,soul,love,romance,blues,singer-songwriter,show-tunes,rock,pop,piano,folk,jazz,acoustic,indie"
"Adventure, Drama, Western","country,ambient,classical,soul,blues,singer-songwriter,rock,pop,bluegrass,world-music,electronic,folk,jazz,acoustic,indie"
"Adventure, Drama, History","country,ambient,classical,blues,singer-songwriter,rock,pop,world-music,electronic,folk,jazz,acoustic,indie"
"Crime, Drama, Music","country,classical,soul,blues,singer-songwriter,rock,pop,reggae,electronic,folk,jazz,acoustic,hip-hop,indie"
"Crime, Drama, Family","country,soul,blues,singer-songwriter,rock,pop,kids,reggae,electronic,folk,jazz,acoustic,hip-hop,children,indie"
"Drama, Film-Noir, Romance","country,indie,ambient,love,romance,soul,blues,singer-songwriter,blues-noir,rock,downtempo,vintage-jazz,pop,folk,jazz,acoustic,chill,jazz-noir,dark-jazz,trip-hop"
"Adventure, History, Romance","pop,country,world-music,ambient,folk,jazz,classical,electronic,love,blues,romance,soul,rock"
"Action, Horror, Western","death-metal,punk,country,techno,ambient,soul,edm,blues,rock,hard-rock,industrial,disco,pop,goth,bluegrass,noise,dubstep,metal,electronic,black-metal,dark-ambient,folk,jazz"
"Romance, Sci-Fi","pop,country,trance,dubstep,electronic,techno,jazz,love,romance,soul,blues,ambient,edm,rock,synth-pop,house"
"Drama, Fantasy, War","country,ambient,celtic,classical,blues,singer-songwriter,rock,symphonic-metal,pop,patriotic,military-cadence,new-age,folk,jazz,acoustic,orchestral,epic,medieval,indie,march"
"Crime, Drama, War","country,classical,soul,blues,singer-songwriter,rock,pop,patriotic,military-cadence,reggae,electronic,folk,jazz,acoustic,hip-hop,indie,march"
"Drama, Mystery, War","country,ambient,classical,soul,blues,singer-songwriter,rock,downtempo,pop,patriotic,military-cadence,electronic,folk,jazz,acoustic,chill,indie,march,trip-hop"
"Comedy, Fantasy, Mystery","parody,ambient,celtic,funny,soul,blues,rock,symphonic-metal,downtempo,pop,new-age,novelty,electronic,folk,jazz,comedy,hip-hop,orchestral,chill,epic,medieval,trip-hop"
"Action, Fantasy, Musical","punk,musical,opera,techno,ambient,celtic,soul,edm,singer-songwriter,show-tunes,rock,hard-rock,symphonic-metal,pop,piano,new-age,dubstep,metal,electronic,folk,jazz,orchestral,epic,medieval"
"Comedy, Horror, Romance","death-metal,country,parody,ambient,funny,love,romance,soul,blues,rock,industrial,disco,pop,goth,noise,novelty,black-metal,electronic,dark-ambient,jazz,comedy,hip-hop"
"Music, Drama, Romance","country,classical,soul,love,romance,blues,singer-songwriter,rock,pop,electronic,folk,jazz,acoustic,indie"
"Drama, Film-Noir, Thriller","indie,ambient,techno,blues,edm,singer-songwriter,blues-noir,rock,downtempo,house,vintage-jazz,pop,trance,dubstep,electronic,folk,jazz,acoustic,chill,dark-ambient,jazz-noir,dark-jazz,trip-hop"
"Comedy, Drama, Mystery","parody,ambient,funny,soul,blues,singer-songwriter,rock,downtempo,pop,novelty,electronic,folk,jazz,acoustic,comedy,hip-hop,chill,indie,trip-hop"
"Film-Noir, Mystery, Thriller","ambient,techno,soul,blues,edm,blues-noir,downtempo,house,vintage-jazz,trance,dubstep,electronic,dark-ambient,jazz,chill,jazz-noir,dark-jazz,trip-hop"
"Romance, Sci-Fi, Thriller","country,techno,ambient,love,romance,soul,blues,edm,rock,house,pop,trance,dubstep,electronic,dark-ambient,jazz,synth-pop"
"Mystery, Thriller, Drama","ambient,techno,soul,blues,edm,singer-songwriter,rock,downtempo,house,pop,trance,dubstep,electronic,dark-ambient,jazz,folk,chill,acoustic,indie,trip-hop"
"Film-Noir, Thriller","vintage-jazz,trance,dubstep,ambient,electronic,techno,dark-ambient,chill,jazz-noir,edm,blues-noir,dark-jazz,downtempo,house,trip-hop"
"Adventure, Animation, Family","pop,kids,country,world-music,ambient,folk,jazz,classical,electronic,soul,blues,children,rock"
"Biography, Drama, War","country,classical,soul,blues,singer-songwriter,rock,pop,patriotic,military-cadence,folk,jazz,acoustic,indie,march"
"Thriller, Crime, Drama","techno,ambient,soul,edm,blues,singer-songwriter,rock,house,pop,trance,reggae,dubstep,electronic,dark-ambient,jazz,folk,acoustic,hip-hop,indie"
"Adventure, Biography, Drama","country,ambient,classical,soul,blues,singer-songwriter,rock,pop,world-music,electronic,folk,jazz,acoustic,indie"
Biography,"pop,country,folk,classical,soul,jazz,blues,rock"
"Adventure, Fantasy, Romance","country,ambient,classical,celtic,love,romance,soul,blues,rock,symphonic-metal,pop,world-music,new-age,electronic,folk,jazz,orchestral,epic,medieval"
"Animation, Drama","pop,folk,jazz,acoustic,blues,singer-songwriter,rock,indie"
"Drama, Music, Musical","country,musical,opera,classical,soul,blues,singer-songwriter,show-tunes,rock,pop,piano,electronic,folk,jazz,acoustic,indie"
"Comedy, War","pop,patriotic,country,military-cadence,novelty,parody,electronic,folk,classical,funny,comedy,hip-hop,rock,march"
"Adventure, Musical, Family","country,musical,opera,ambient,classical,soul,blues,singer-songwriter,show-tunes,rock,pop,kids,piano,world-music,electronic,folk,jazz,children"
"Adventure, Family","pop,kids,country,world-music,ambient,folk,jazz,classical,electronic,soul,blues,children,rock"
"Drama, Family, Western","country,soul,blues,singer-songwriter,rock,pop,kids,bluegrass,folk,jazz,acoustic,children,indie"
"Animation, Comedy, Crime","pop,novelty,parody,reggae,electronic,jazz,funny,comedy,hip-hop,soul,blues,rock"
"Animation, Family","pop,kids,country,jazz,soul,blues,children,rock"
"Action, History","pop,punk,country,world-music,dubstep,metal,electronic,techno,folk,jazz,classical,edm,blues,rock,hard-rock"
"Drama, Sport, Thriller","techno,ambient,blues,edm,singer-songwriter,rock,house,pop,trance,reggae,dubstep,electronic,folk,jazz,acoustic,dark-ambient,hip-hop,indie"
"Adventure, Biography, Crime","country,ambient,classical,soul,blues,rock,pop,world-music,reggae,electronic,folk,jazz,hip-hop"
"War, Drama","pop,patriotic,country,military-cadence,folk,classical,jazz,acoustic,blues,singer-songwriter,rock,indie,march"
"Comedy, Mystery, Thriller","parody,ambient,techno,funny,soul,blues,edm,rock,downtempo,house,pop,trance,novelty,dubstep,electronic,dark-ambient,jazz,comedy,hip-hop,chill,trip-hop"
"Thriller, Comedy","pop,trance,novelty,parody,dubstep,electronic,techno,ambient,dark-ambient,funny,comedy,edm,hip-hop,rock,house"
"Crime, Horror, Western","death-metal,country,ambient,soul,blues,rock,industrial,disco,pop,goth,bluegrass,noise,reggae,black-metal,electronic,dark-ambient,jazz,folk,hip-hop"
"Adventure, Horror, Mystery","death-metal,ambient,classical,soul,blues,rock,industrial,downtempo,disco,pop,goth,noise,world-music,black-metal,electronic,folk,jazz,dark-ambient,chill,trip-hop"
Crime,"pop,reggae,electronic,jazz,soul,hip-hop,blues,rock"
"Drama, Fantasy, Thriller","ambient,techno,celtic,blues,edm,singer-songwriter,rock,symphonic-metal,house,pop,new-age,trance,dubstep,electronic,folk,jazz,acoustic,orchestral,dark-ambient,epic,medieval,indie"
"Crime, Film-Noir, Mystery","ambient,soul,blues,blues-noir,rock,downtempo,vintage-jazz,pop,reggae,electronic,jazz,chill,hip-hop,jazz-noir,dark-jazz,trip-hop"
"Drama, Thriller, Crime","techno,ambient,soul,blues,edm,singer-songwriter,rock,house,pop,trance,reggae,dubstep,electronic,folk,jazz,acoustic,dark-ambient,hip-hop,indie"
"Crime, Horror, Romance","death-metal,country,ambient,soul,love,romance,blues,rock,industrial,disco,pop,goth,noise,reggae,black-metal,electronic,dark-ambient,jazz,hip-hop"
"Comedy, History","pop,country,world-music,novelty,parody,electronic,folk,jazz,funny,comedy,hip-hop,classical,blues,rock"
"Action, Adventure, History","punk,country,techno,ambient,classical,edm,blues,rock,hard-rock,pop,world-music,dubstep,metal,electronic,folk,jazz"
"Crime, Musical, Mystery","musical,opera,ambient,soul,blues,singer-songwriter,show-tunes,rock,downtempo,pop,piano,reggae,electronic,jazz,chill,hip-hop,trip-hop"
"Action, Crime, Fantasy","punk,techno,ambient,celtic,soul,edm,blues,rock,hard-rock,symphonic-metal,pop,new-age,reggae,dubstep,metal,electronic,folk,jazz,orchestral,hip-hop,epic,medieval"
"Adventure, Romance, Sci-Fi","country,ambient,techno,classical,love,romance,soul,blues,edm,rock,house,pop,world-music,trance,dubstep,electronic,folk,jazz,synth-pop"
"Drama, Family, Music","country,classical,soul,blues,singer-songwriter,rock,pop,kids,electronic,folk,jazz,acoustic,children,indie"
"Action, Mystery, Thriller","punk,techno,ambient,soul,edm,blues,rock,hard-rock,downtempo,house,trance,dubstep,metal,electronic,dark-ambient,jazz,chill,trip-hop"
"Action, War","pop,punk,patriotic,country,military-cadence,dubstep,metal,electronic,techno,folk,classical,edm,rock,hard-rock,march"
"Action, Musical, Romance","punk,country,musical,opera,techno,soul,love,romance,edm,blues,singer-songwriter,show-tunes,rock,hard-rock,pop,piano,dubstep,metal,electronic,jazz"
"Action, Sci-Fi","punk,trance,dubstep,metal,electronic,techno,ambient,edm,rock,hard-rock,synth-pop,house"
"Animation, Action, Crime","pop,punk,reggae,dubstep,metal,electronic,techno,jazz,soul,hip-hop,edm,blues,rock,hard-rock"
"Animation, Action, Sci-Fi","punk,trance,dubstep,metal,electronic,techno,ambient,edm,rock,hard-rock,synth-pop,house"
"Drama, History, Sport","country,techno,classical,blues,edm,singer-songwriter,rock,house,pop,world-music,reggae,electronic,folk,jazz,acoustic,hip-hop,indie"
"Crime, Horror, Sci-Fi","death-metal,ambient,techno,soul,blues,edm,rock,industrial,house,disco,pop,goth,noise,trance,reggae,black-metal,dubstep,electronic,dark-ambient,jazz,hip-hop,synth-pop"
"Adventure, Comedy, War","country,parody,ambient,classical,funny,rock,pop,patriotic,military-cadence,world-music,novelty,electronic,folk,jazz,comedy,hip-hop,march"
"Biography, Comedy, Music","country,parody,classical,soul,funny,blues,rock,pop,novelty,electronic,folk,jazz,comedy,hip-hop"
"Animation, Adventure, Biography","pop,country,world-music,ambient,folk,jazz,classical,electronic,soul,blues,rock"
"Adventure, Fantasy, Sci-Fi","ambient,techno,classical,celtic,edm,rock,symphonic-metal,house,pop,world-music,new-age,trance,dubstep,electronic,folk,jazz,orchestral,epic,medieval,synth-pop"
"Action, Drama, Horror","death-metal,punk,techno,ambient,edm,blues,singer-songwriter,rock,hard-rock,industrial,disco,pop,goth,noise,dubstep,metal,electronic,folk,jazz,acoustic,black-metal,dark-ambient,indie"
"Comedy, Action","pop,punk,novelty,parody,dubstep,metal,electronic,techno,funny,comedy,hip-hop,edm,rock,hard-rock"
"Action, Adventure, War","punk,country,techno,ambient,classical,edm,rock,hard-rock,pop,patriotic,military-cadence,world-music,dubstep,metal,electronic,folk,jazz,march"
"Adventure, Mystery, Sci-Fi","ambient,techno,classical,soul,blues,edm,rock,downtempo,house,pop,world-music,trance,dubstep,electronic,folk,jazz,chill,synth-pop,trip-hop"
"Action, Mystery","punk,dubstep,metal,electronic,techno,ambient,jazz,soul,chill,edm,blues,rock,hard-rock,downtempo,trip-hop"
"Mystery, Romance","pop,country,ambient,electronic,jazz,soul,chill,love,blues,romance,rock,downtempo,trip-hop"
"Adventure, Drama, Sport","ambient,techno,classical,blues,edm,singer-songwriter,rock,house,pop,world-music,reggae,electronic,folk,jazz,acoustic,hip-hop,indie"
"Action, Comedy, Sci-Fi","punk,parody,techno,ambient,funny,edm,rock,hard-rock,house,pop,trance,novelty,dubstep,metal,electronic,comedy,hip-hop,synth-pop"
"Action, Horror, Mystery","death-metal,punk,techno,ambient,soul,edm,blues,rock,hard-rock,industrial,downtempo,disco,goth,noise,dubstep,metal,electronic,black-metal,dark-ambient,jazz,chill,trip-hop"
